{"dcoilwtice_mean": 67.91856578412118, "log_transactions_mean": 7.298560448575916}